"","3441.G","4173.C","6157.G","7502.T","7892.T","9441.A","11071.G","11183.A","11291.T","12971.A","14047.T","14742.A","15109.A","15128.C","15435.C","15581.A","18512.T","18652.A","19266.C","19460.T","20354.T","23146.T","23447.T","23481.T","23677.A","23787.G","24020.C","25229.C","25608.C","27329.T","29410.T","29801.G","29889.A","30339.A","31462.A","31618.A","31967.A","31979.G","32358.G","32435.C","33784.G","34443.G","34818.A","35584.T","36910.A","39107.C","39876.C","42395.T","42529.A","42821.A","44670.T","45154.G","45217.A","51159.T","53314.T","53720.C","53935.T","54240.A","54762.T","55111.C","55142.G","55564.A","56423.T","56785.T","57131.G","57989.A","58053.A","59503.T","59586.T","59967.C","60546.C","63140.T","63267.G","63581.C","63605.C","63771.A","63798.G","65064.C","65576.C"
"Ale",0.642857142857143,0.425925925925926,0.553571428571429,0.944444444444444,0.946428571428571,0.339285714285714,0.875,0.673076923076923,0.678571428571429,0.269230769230769,0.944444444444444,0.9,0.732142857142857,0.517857142857143,0.685185185185185,0.76,0.875,0.535714285714286,0.928571428571429,0.611111111111111,0.907407407407407,0.78,0.442307692307692,0.910714285714286,0.442307692307692,0.928571428571429,0.625,0.357142857142857,0.203703703703704,0.392857142857143,0.446428571428571,0.678571428571429,0.759259259259259,0.980769230769231,0.946428571428571,0.803571428571429,0.75,0.875,0.666666666666667,0.711538461538462,0.538461538461538,0.196428571428571,0.0892857142857143,0.910714285714286,0.518518518518518,0.910714285714286,0.979166666666667,1,0.964285714285714,0.946428571428571,0.703703703703704,0.767857142857143,0.785714285714286,0.214285714285714,0.553571428571429,0.642857142857143,1,0.347826086956522,0.615384615384615,0.84,0.732142857142857,0.428571428571429,0.537037037037037,0.611111111111111,0.68,0.314814814814815,0.267857142857143,0.607142857142857,0.678571428571429,0.25,0.517857142857143,1,0.833333333333333,0.72,0.178571428571429,0.946428571428571,0.537037037037037,0.553571428571429,0.946428571428571
"Ber",0.696969696969697,0.454545454545455,0.939393939393939,0.484848484848485,0.893939393939394,0.227272727272727,0.924242424242424,0.545454545454545,0.0357142857142857,0.28125,0.65625,0.78125,0.6875,0.151515151515152,0.921875,0.181818181818182,0.787878787878788,0.4375,0.818181818181818,0.560606060606061,0.666666666666667,0.818181818181818,0.53030303030303,0.727272727272727,0.363636363636364,0.893939393939394,0.796875,0.171875,0.212121212121212,0.53030303030303,0.439393939393939,0.772727272727273,0.378787878787879,0.772727272727273,0.287878787878788,0.772727272727273,0.796875,0.878787878787879,0.96969696969697,0.866666666666667,0.53030303030303,0.454545454545455,0.136363636363636,0.651515151515151,0.742424242424242,0.863636363636364,0.924242424242424,0.578125,0.833333333333333,0.924242424242424,0.863636363636364,0.606060606060606,0.863636363636364,0.296875,0.939393939393939,0.560606060606061,0.78125,0.142857142857143,0.545454545454545,0.515625,0.625,0.575757575757576,0.318181818181818,0.53125,0.696969696969697,0.390625,1,0.363636363636364,0.5625,0.348484848484849,0.545454545454545,0.848484848484849,0.696969696969697,0.803030303030303,0.287878787878788,0.742424242424242,0.560606060606061,0.984848484848485,0.96969696969697
"Brd",0.708333333333333,0.402777777777778,0.842857142857143,0.541666666666667,0.861111111111111,0.333333333333333,0.875,0.388888888888889,0.0714285714285714,0.277777777777778,0.777777777777778,0.871428571428571,0.652777777777778,0.194444444444444,0.847222222222222,0.157142857142857,0.875,0.458333333333333,0.791666666666667,0.402777777777778,0.777777777777778,0.757142857142857,0.583333333333333,0.833333333333333,0.333333333333333,0.902777777777778,0.871428571428571,0.222222222222222,0.180555555555556,0.388888888888889,0.291666666666667,0.791666666666667,0.444444444444444,0.861111111111111,0.222222222222222,0.819444444444444,0.652777777777778,0.75,0.944444444444444,0.957142857142857,0.555555555555556,0.458333333333333,0.208333333333333,0.555555555555556,0.625,0.916666666666667,0.847222222222222,0.333333333333333,0.833333333333333,0.819444444444444,0.930555555555556,0.680555555555556,0.819444444444444,0.236111111111111,0.902777777777778,0.416666666666667,0.542857142857143,0.277777777777778,0.569444444444444,0.555555555555556,0.680555555555556,0.642857142857143,0.319444444444444,0.444444444444444,0.652777777777778,0.347222222222222,1,0.361111111111111,0.527777777777778,0.319444444444444,0.514705882352941,0.7,0.722222222222222,0.657142857142857,0.444444444444444,0.638888888888889,0.652777777777778,0.902777777777778,0.916666666666667
"Cor",0.616666666666667,0.421875,0.671875,0.546875,0.921875,0.359375,0.84375,0.359375,0.140625,0.241935483870968,0.716666666666667,0.790322580645161,0.796875,0.40625,0.890625,0.234375,0.8125,0.5,0.875,0.359375,0.703125,0.65625,0.6875,0.8125,0.328125,0.859375,0.84375,0.109375,0.140625,0.53125,0.375,0.78125,0.359375,0.765625,0.328125,0.75,0.703125,0.734375,0.921875,0.919354838709677,0.46875,0.375,0.1875,0.6875,0.59375,0.8125,0.859375,0.25,0.828125,0.796875,0.84375,0.640625,0.75,0.25,0.75,0.5,0.109375,0.339285714285714,0.5625,0.546875,0.59375,0.5,0.28125,0.5,0.703125,0.40625,0.953125,0.40625,0.640625,0.328125,0.53125,0.84375,0.734375,0.734375,0.421875,0.640625,0.59375,0.703125,0.75
"Cro",0.614285714285714,0.328571428571429,0.9,0.557142857142857,0.942857142857143,0.328571428571429,0.914285714285714,0.414285714285714,0.132352941176471,0.385714285714286,0.685714285714286,0.785714285714286,0.7,0.257142857142857,0.857142857142857,0.228571428571429,0.871428571428571,0.371428571428571,0.842857142857143,0.385714285714286,0.671428571428571,0.7,0.585714285714286,0.671428571428571,0.285714285714286,0.857142857142857,0.928571428571429,0.128571428571429,0.2,0.5,0.357142857142857,0.828571428571429,0.371428571428571,0.857142857142857,0.285714285714286,0.828571428571429,0.642857142857143,0.828571428571429,0.985714285714286,0.882352941176471,0.585714285714286,0.3,0.228571428571429,0.771428571428571,0.528571428571429,0.814285714285714,0.828571428571429,0.328571428571429,0.742857142857143,0.955882352941177,0.757142857142857,0.628571428571429,0.785714285714286,0.2,0.942857142857143,0.514285714285714,0.528571428571429,0.228571428571429,0.5,0.382352941176471,0.542857142857143,0.6,0.457142857142857,0.542857142857143,0.685714285714286,0.442857142857143,1,0.285714285714286,0.557142857142857,0.205882352941176,0.528571428571429,0.8,0.728571428571429,0.585714285714286,0.342857142857143,0.573529411764706,0.571428571428571,0.942857142857143,0.928571428571429
"Eye",0.46,0.326923076923077,0.826923076923077,0.634615384615385,0.846153846153846,0.346153846153846,0.807692307692308,0.288461538461538,0.134615384615385,0.153846153846154,0.519230769230769,0.78,0.78,0.423076923076923,0.884615384615385,0.192307692307692,0.865384615384615,0.346153846153846,0.942307692307692,0.5,0.75,0.692307692307692,0.653846153846154,0.807692307692308,0.461538461538462,0.846153846153846,0.92,0.0769230769230769,0.153846153846154,0.538461538461538,0.5,0.826923076923077,0.479166666666667,0.75,0.307692307692308,0.807692307692308,0.74,0.711538461538462,0.980769230769231,0.846153846153846,0.461538461538462,0.211538461538462,0.115384615384615,0.519230769230769,0.673076923076923,0.846153846153846,0.942307692307692,0.557692307692308,0.788461538461538,0.923076923076923,0.730769230769231,0.692307692307692,0.865384615384615,0.384615384615385,0.942307692307692,0.480769230769231,0.596153846153846,0.153846153846154,0.520833333333333,0.519230769230769,0.634615384615385,0.423076923076923,0.346153846153846,0.519230769230769,0.692307692307692,0.5,1,0.384615384615385,0.538461538461538,0.346153846153846,0.48,0.865384615384615,0.625,0.653846153846154,0.403846153846154,0.596153846153846,0.769230769230769,0.884615384615385,0.88
"Flo",0.671428571428571,0.347222222222222,0.916666666666667,0.430555555555556,0.916666666666667,0.25,0.902777777777778,0.375,0.0714285714285714,0.235294117647059,0.722222222222222,0.794117647058823,0.694444444444444,0.0833333333333333,0.916666666666667,0.166666666666667,0.819444444444444,0.544117647058823,0.875,0.527777777777778,0.638888888888889,0.791666666666667,0.585714285714286,0.708333333333333,0.485714285714286,0.888888888888889,0.823529411764706,0.0555555555555556,0.138888888888889,0.444444444444444,0.333333333333333,0.819444444444444,0.357142857142857,0.847222222222222,0.147058823529412,0.916666666666667,0.75,0.757575757575758,0.805555555555556,0.871428571428571,0.528571428571429,0.416666666666667,0.25,0.555555555555556,0.597222222222222,0.888888888888889,0.930555555555556,0.652777777777778,0.8,0.930555555555556,0.930555555555556,0.642857142857143,0.819444444444444,0.291666666666667,0.944444444444444,0.583333333333333,0.944444444444444,0.291666666666667,0.555555555555556,0.5,0.541666666666667,0.514285714285714,0.291666666666667,0.457142857142857,0.722222222222222,0.314285714285714,1,0.414285714285714,0.484848484848485,0.217391304347826,0.638888888888889,0.888888888888889,0.771428571428571,0.708333333333333,0.347222222222222,0.571428571428571,0.597222222222222,1,0.958333333333333
"Gul",0.542857142857143,0.367647058823529,0.914285714285714,0.5,0.914285714285714,0.242424242424242,0.885714285714286,0.5,0.176470588235294,0.338235294117647,0.742857142857143,0.757142857142857,0.705882352941177,0.228571428571429,0.9,0.257142857142857,0.8,0.571428571428571,0.871428571428571,0.485714285714286,0.628571428571429,0.814285714285714,0.5,0.714285714285714,0.4,0.882352941176471,0.8,0.157142857142857,0.157142857142857,0.514285714285714,0.385714285714286,0.828571428571429,0.371428571428571,0.757142857142857,0.235294117647059,0.8,0.742857142857143,0.771428571428571,0.971428571428571,0.914285714285714,0.528571428571429,0.4,0.161764705882353,0.714285714285714,0.528571428571429,0.914285714285714,0.985714285714286,0.642857142857143,0.857142857142857,0.885714285714286,0.857142857142857,0.614285714285714,0.735294117647059,0.3,0.942857142857143,0.528571428571429,0.857142857142857,0.241935483870968,0.6,0.485294117647059,0.642857142857143,0.528571428571429,0.3,0.5,0.728571428571429,0.271428571428571,1,0.442857142857143,0.585714285714286,0.196969696969697,0.628571428571429,0.814285714285714,0.735294117647059,0.720588235294118,0.314285714285714,0.714285714285714,0.571428571428571,0.971428571428571,0.971428571428571
"Heb",0.571428571428571,0.375,0.75,0.569444444444444,0.847222222222222,0.263888888888889,0.861111111111111,0.442857142857143,0.0857142857142857,0.328571428571429,0.708333333333333,0.805555555555556,0.666666666666667,0.277777777777778,0.916666666666667,0.138888888888889,0.805555555555556,0.416666666666667,0.833333333333333,0.319444444444444,0.583333333333333,0.819444444444444,0.555555555555556,0.791666666666667,0.388888888888889,0.847222222222222,0.847222222222222,0.138888888888889,0.236111111111111,0.569444444444444,0.402777777777778,0.847222222222222,0.402777777777778,0.916666666666667,0.319444444444444,0.75,0.625,0.708333333333333,0.638888888888889,0.857142857142857,0.597222222222222,0.263888888888889,0.25,0.652777777777778,0.680555555555556,0.847222222222222,0.764705882352941,0.180555555555556,0.694444444444444,0.861111111111111,0.875,0.666666666666667,0.791666666666667,0.194444444444444,0.875,0.569444444444444,0.125,0.236111111111111,0.597222222222222,0.361111111111111,0.513888888888889,0.444444444444444,0.375,0.486111111111111,0.680555555555556,0.388888888888889,0.986111111111111,0.361111111111111,0.657142857142857,0.271428571428571,0.486111111111111,0.833333333333333,0.736111111111111,0.736111111111111,0.458333333333333,0.685714285714286,0.638888888888889,0.805555555555556,0.819444444444444
"Hel",0.614285714285714,0.242857142857143,0.828571428571429,0.542857142857143,0.828571428571429,0.166666666666667,0.871428571428571,0.442857142857143,0.128571428571429,0.342857142857143,0.757142857142857,0.828571428571429,0.685714285714286,0.142857142857143,0.814285714285714,0.2,0.885714285714286,0.485714285714286,0.814285714285714,0.5,0.671428571428571,0.728571428571429,0.657142857142857,0.685714285714286,0.442857142857143,0.957142857142857,0.871428571428571,0.128571428571429,0.0714285714285714,0.442857142857143,0.385714285714286,0.871428571428571,0.371428571428571,0.928571428571429,0.257142857142857,0.828571428571429,0.771428571428571,0.642857142857143,0.971428571428571,0.957142857142857,0.485714285714286,0.271428571428571,0.2,0.671428571428571,0.714285714285714,0.871428571428571,0.985714285714286,0.585714285714286,0.842857142857143,0.928571428571429,0.871428571428571,0.691176470588235,0.757142857142857,0.2,0.957142857142857,0.614285714285714,0.842857142857143,0.257142857142857,0.542857142857143,0.485714285714286,0.614285714285714,0.542857142857143,0.214285714285714,0.471428571428571,0.771428571428571,0.357142857142857,0.985714285714286,0.4,0.5,0.294117647058824,0.571428571428571,0.771428571428571,0.714285714285714,0.714285714285714,0.485714285714286,0.705882352941177,0.6,1,0.971428571428571
"Hoo",0.541666666666667,0.361111111111111,0.763888888888889,0.527777777777778,0.902777777777778,0.347222222222222,0.902777777777778,0.416666666666667,0.111111111111111,0.328571428571429,0.708333333333333,0.847222222222222,0.666666666666667,0.305555555555556,0.888888888888889,0.166666666666667,0.875,0.569444444444444,0.791666666666667,0.388888888888889,0.736111111111111,0.708333333333333,0.642857142857143,0.736111111111111,0.361111111111111,0.847222222222222,0.888888888888889,0.166666666666667,0.152777777777778,0.611111111111111,0.430555555555556,0.847222222222222,0.430555555555556,0.791666666666667,0.25,0.861111111111111,0.722222222222222,0.777777777777778,0.638888888888889,0.926470588235294,0.583333333333333,0.375,0.263888888888889,0.611111111111111,0.625,0.791666666666667,0.777777777777778,0.305555555555556,0.847222222222222,0.888888888888889,0.805555555555556,0.611111111111111,0.777777777777778,0.152777777777778,0.902777777777778,0.513888888888889,0.25,0.264705882352941,0.527777777777778,0.458333333333333,0.5,0.555555555555556,0.375,0.486111111111111,0.694444444444444,0.416666666666667,0.916666666666667,0.402777777777778,0.597222222222222,0.263888888888889,0.597222222222222,0.847222222222222,0.694444444444444,0.708333333333333,0.388888888888889,0.614285714285714,0.569444444444444,0.847222222222222,0.819444444444444
"Idr",0.639344262295082,0.418032786885246,0.647540983606557,0.577586206896552,0.901639344262295,0.327868852459016,0.89344262295082,0.418032786885246,0.163793103448276,0.23728813559322,0.770491803278688,0.789473684210526,0.704918032786885,0.45,0.868852459016393,0.180327868852459,0.786885245901639,0.426229508196721,0.852459016393443,0.368852459016393,0.596491228070175,0.708333333333333,0.601694915254237,0.680327868852459,0.295081967213115,0.844262295081967,0.852459016393443,0.139344262295082,0.213114754098361,0.573770491803279,0.385245901639344,0.827868852459016,0.483606557377049,0.819672131147541,0.344262295081967,0.795081967213115,0.704918032786885,0.691666666666667,0.89344262295082,0.925,0.533333333333333,0.283333333333333,0.278688524590164,0.688524590163934,0.594827586206897,0.885245901639344,0.666666666666667,0.275,0.795081967213115,0.934426229508197,0.819672131147541,0.639344262295082,0.808333333333333,0.204918032786885,0.770491803278688,0.425,0.0583333333333333,0.230769230769231,0.508196721311475,0.46551724137931,0.581967213114754,0.508474576271186,0.245901639344262,0.426229508196721,0.655737704918033,0.336065573770492,0.852459016393443,0.426229508196721,0.675,0.258928571428571,0.532786885245902,0.813559322033898,0.713114754098361,0.566666666666667,0.358333333333333,0.616666666666667,0.590163934426229,0.639344262295082,0.688524590163934
"Iom",0.5,0.3,0.728571428571429,0.614285714285714,0.871428571428571,0.271428571428571,0.785714285714286,0.5,0.142857142857143,0.271428571428571,0.7,0.914285714285714,0.642857142857143,0.385714285714286,0.928571428571429,0.271428571428571,0.771428571428571,0.385714285714286,0.8,0.528571428571429,0.7,0.728571428571429,0.6,0.642857142857143,0.457142857142857,0.885714285714286,0.771428571428571,0.1,0.142857142857143,0.514285714285714,0.542857142857143,0.814285714285714,0.428571428571429,0.828571428571429,0.357142857142857,0.857142857142857,0.614285714285714,0.8,0.657142857142857,0.771428571428571,0.571428571428571,0.328571428571429,0.171428571428571,0.771428571428571,0.6,0.814285714285714,0.8,0.285714285714286,0.785714285714286,0.828571428571429,0.814285714285714,0.657142857142857,0.871428571428571,0.176470588235294,0.828571428571429,0.485714285714286,0.185714285714286,0.285714285714286,0.628571428571429,0.442857142857143,0.628571428571429,0.628571428571429,0.385714285714286,0.6,0.671428571428571,0.414285714285714,0.957142857142857,0.471428571428571,0.657142857142857,0.242857142857143,0.628571428571429,0.885714285714286,0.771428571428571,0.691176470588235,0.328571428571429,0.779411764705882,0.685714285714286,0.785714285714286,0.8
"Ios",0.666666666666667,0.444444444444444,0.777777777777778,0.5,0.888888888888889,0.271428571428571,0.902777777777778,0.388888888888889,0.291666666666667,0.212121212121212,0.708333333333333,0.861111111111111,0.666666666666667,0.416666666666667,0.861111111111111,0.388888888888889,0.791666666666667,0.458333333333333,0.861111111111111,0.527777777777778,0.694444444444444,0.814285714285714,0.5,0.791666666666667,0.361111111111111,0.805555555555556,0.763888888888889,0.0833333333333333,0.166666666666667,0.666666666666667,0.333333333333333,0.875,0.472222222222222,0.902777777777778,0.347222222222222,0.791666666666667,0.694444444444444,0.617647058823529,0.777777777777778,0.833333333333333,0.5,0.291666666666667,0.180555555555556,0.680555555555556,0.736111111111111,0.902777777777778,0.763888888888889,0.277777777777778,0.791666666666667,0.986111111111111,0.833333333333333,0.527777777777778,0.722222222222222,0.171428571428571,0.861111111111111,0.486111111111111,0.208333333333333,0.257142857142857,0.638888888888889,0.388888888888889,0.625,0.611111111111111,0.347222222222222,0.513888888888889,0.6,0.430555555555556,0.847222222222222,0.333333333333333,0.647058823529412,0.260869565217391,0.513888888888889,0.805555555555556,0.736111111111111,0.625,0.361111111111111,0.75,0.638888888888889,0.763888888888889,0.777777777777778
"Jer",0.544117647058823,0.428571428571429,0.777777777777778,0.541666666666667,0.916666666666667,0.214285714285714,0.930555555555556,0.430555555555556,0.0833333333333333,0.314285714285714,0.791666666666667,0.791666666666667,0.625,0.3,0.902777777777778,0.117647058823529,0.833333333333333,0.5,0.888888888888889,0.402777777777778,0.680555555555556,0.671428571428571,0.569444444444444,0.736111111111111,0.416666666666667,0.958333333333333,0.888888888888889,0.0972222222222222,0.152777777777778,0.416666666666667,0.285714285714286,0.777777777777778,0.333333333333333,0.791666666666667,0.319444444444444,0.819444444444444,0.597222222222222,0.8,0.823529411764706,0.871428571428571,0.528571428571429,0.319444444444444,0.180555555555556,0.708333333333333,0.632352941176471,0.75,0.814285714285714,0.305555555555556,0.75,0.861111111111111,0.847222222222222,0.680555555555556,0.75,0.371428571428571,0.930555555555556,0.541666666666667,0.277777777777778,0.151515151515152,0.458333333333333,0.513888888888889,0.680555555555556,0.5,0.430555555555556,0.319444444444444,0.628571428571429,0.402777777777778,0.972222222222222,0.347222222222222,0.542857142857143,0.272727272727273,0.444444444444444,0.842857142857143,0.680555555555556,0.642857142857143,0.402777777777778,0.666666666666667,0.583333333333333,0.819444444444444,0.833333333333333
"Kav",0.666666666666667,0.333333333333333,0.914285714285714,0.638888888888889,0.930555555555556,0.242857142857143,0.847222222222222,0.5,0.114285714285714,0.25,0.728571428571429,0.861111111111111,0.763888888888889,0.152777777777778,0.819444444444444,0.222222222222222,0.902777777777778,0.388888888888889,0.888888888888889,0.458333333333333,0.708333333333333,0.694444444444444,0.597222222222222,0.791666666666667,0.444444444444444,0.972222222222222,0.847222222222222,0.138888888888889,0.152777777777778,0.444444444444444,0.347222222222222,0.763888888888889,0.430555555555556,0.833333333333333,0.25,0.75,0.638888888888889,0.75,0.902777777777778,0.819444444444444,0.458333333333333,0.371428571428571,0.333333333333333,0.680555555555556,0.638888888888889,0.847222222222222,0.902777777777778,0.694444444444444,0.805555555555556,0.875,0.823529411764706,0.638888888888889,0.819444444444444,0.236111111111111,0.944444444444444,0.527777777777778,0.847222222222222,0.2,0.569444444444444,0.5,0.472222222222222,0.458333333333333,0.347222222222222,0.555555555555556,0.722222222222222,0.388888888888889,1,0.319444444444444,0.611111111111111,0.225806451612903,0.555555555555556,0.75,0.75,0.694444444444444,0.305555555555556,0.611111111111111,0.5,0.972222222222222,0.944444444444444
"Kil",0.617647058823529,0.4,0.685714285714286,0.542857142857143,0.857142857142857,0.28125,0.928571428571429,0.342857142857143,0.114285714285714,0.242857142857143,0.808823529411765,0.823529411764706,0.742857142857143,0.328571428571429,0.842857142857143,0.2,0.871428571428571,0.4,0.9,0.484848484848485,0.808823529411765,0.657142857142857,0.5,0.7,0.514285714285714,0.8,0.842857142857143,0.142857142857143,0.128571428571429,0.542857142857143,0.220588235294118,0.814285714285714,0.357142857142857,0.857142857142857,0.2,0.728571428571429,0.657142857142857,0.785714285714286,1,0.828571428571429,0.557142857142857,0.342857142857143,0.357142857142857,0.7,0.657142857142857,0.871428571428571,0.796875,0.228571428571429,0.785714285714286,0.842857142857143,0.871428571428571,0.628571428571429,0.757142857142857,0.185714285714286,0.828571428571429,0.441176470588235,0.142857142857143,0.212121212121212,0.514285714285714,0.414285714285714,0.685714285714286,0.457142857142857,0.314285714285714,0.385714285714286,0.691176470588235,0.428571428571429,0.971428571428571,0.371428571428571,0.614285714285714,0.338235294117647,0.557142857142857,0.885714285714286,0.814285714285714,0.7,0.442857142857143,0.542857142857143,0.671428571428571,0.714285714285714,0.757142857142857
"Laz",0.5,0.4,0.15,0.875,1,0.444444444444444,0.85,0.7,0.55,0.1875,0.4,0.722222222222222,0.7,0.8,0.95,0.95,0.85,0.2,0.8,0.5,0.8,0.5,0.666666666666667,0.85,0.4,0.75,1,0,0.25,0.5,0.25,0.6,1,0.9,1,0.75,0.666666666666667,0.45,0.6,0.8,0.5,0.3,0.333333333333333,0.6,0.75,0.9,0.722222222222222,1,0.9,0.85,0.6,0.5,0.9,0,0.35,0.35,1,0.3,0.5,0.35,0.7,0.611111111111111,0.15,0.35,0.75,0.55,0,0.05,0.9,0.0714285714285714,0.4,0.8,0.9,0.666666666666667,0.15,0.65,0.65,0.1,0.25
"Loo",0.680555555555556,0.414285714285714,0.652777777777778,0.541666666666667,0.902777777777778,0.426470588235294,0.930555555555556,0.541666666666667,0.111111111111111,0.338235294117647,0.736111111111111,0.871428571428571,0.625,0.402777777777778,0.944444444444444,0.185714285714286,0.847222222222222,0.430555555555556,0.875,0.486111111111111,0.708333333333333,0.791666666666667,0.625,0.833333333333333,0.402777777777778,0.875,0.847222222222222,0.0694444444444444,0.111111111111111,0.416666666666667,0.444444444444444,0.861111111111111,0.277777777777778,0.833333333333333,0.347222222222222,0.861111111111111,0.75,0.7,0.985294117647059,0.902777777777778,0.569444444444444,0.305555555555556,0.25,0.708333333333333,0.7,0.847222222222222,0.819444444444444,0.442857142857143,0.763888888888889,0.944444444444444,0.9,0.666666666666667,0.861111111111111,0.236111111111111,0.833333333333333,0.458333333333333,0.236111111111111,0.277777777777778,0.375,0.5,0.638888888888889,0.638888888888889,0.291666666666667,0.388888888888889,0.638888888888889,0.485714285714286,0.958333333333333,0.333333333333333,0.708333333333333,0.206896551724138,0.555555555555556,0.763888888888889,0.763888888888889,0.708333333333333,0.361111111111111,0.652777777777778,0.625,0.694444444444444,0.705882352941177
"Lyn",0.691176470588235,0.470588235294118,0.632352941176471,0.514705882352941,0.808823529411765,0.354838709677419,0.941176470588235,0.5,0.205882352941176,0.352941176470588,0.794117647058823,0.779411764705882,0.621212121212121,0.382352941176471,0.867647058823529,0.147058823529412,0.823529411764706,0.470588235294118,0.838235294117647,0.470588235294118,0.779411764705882,0.764705882352941,0.602941176470588,0.705882352941177,0.426470588235294,0.852941176470588,0.882352941176471,0.205882352941176,0.176470588235294,0.441176470588235,0.397058823529412,0.823529411764706,0.338235294117647,0.867647058823529,0.25,0.794117647058823,0.75,0.705882352941177,0.970588235294118,0.926470588235294,0.573529411764706,0.279411764705882,0.176470588235294,0.676470588235294,0.661764705882353,0.852941176470588,0.75,0.294117647058824,0.823529411764706,0.882352941176471,0.808823529411765,0.602941176470588,0.75,0.272727272727273,0.75,0.558823529411765,0.205882352941176,0.257575757575758,0.573529411764706,0.426470588235294,0.720588235294118,0.573529411764706,0.426470588235294,0.617647058823529,0.691176470588235,0.397058823529412,0.985294117647059,0.5,0.632352941176471,0.265625,0.470588235294118,0.779411764705882,0.735294117647059,0.691176470588235,0.441176470588235,0.573529411764706,0.573529411764706,0.735294117647059,0.794117647058823
"Lys",0.628571428571429,0.361111111111111,0.972222222222222,0.486111111111111,0.914285714285714,0.34375,0.888888888888889,0.375,0.125,0.222222222222222,0.791666666666667,0.916666666666667,0.652777777777778,0.111111111111111,0.916666666666667,0.180555555555556,0.763888888888889,0.472222222222222,0.902777777777778,0.458333333333333,0.722222222222222,0.791666666666667,0.486111111111111,0.722222222222222,0.430555555555556,0.847222222222222,0.861111111111111,0.138888888888889,0.138888888888889,0.513888888888889,0.319444444444444,0.708333333333333,0.347222222222222,0.875,0.236111111111111,0.875,0.75,0.828571428571429,0.986111111111111,0.888888888888889,0.569444444444444,0.361111111111111,0.194444444444444,0.708333333333333,0.708333333333333,0.861111111111111,0.944444444444444,0.666666666666667,0.847222222222222,0.861111111111111,0.791666666666667,0.638888888888889,0.75,0.291666666666667,0.972222222222222,0.597222222222222,0.847222222222222,0.271428571428571,0.5,0.444444444444444,0.513888888888889,0.444444444444444,0.138888888888889,0.486111111111111,0.722222222222222,0.472222222222222,1,0.388888888888889,0.569444444444444,0.319444444444444,0.569444444444444,0.777777777777778,0.694444444444444,0.777777777777778,0.361111111111111,0.736111111111111,0.652777777777778,0.986111111111111,0.986111111111111
"Mul",0.757142857142857,0.277777777777778,0.685714285714286,0.583333333333333,0.888888888888889,0.333333333333333,0.972222222222222,0.4,0.180555555555556,0.414285714285714,0.736111111111111,0.777777777777778,0.680555555555556,0.375,0.888888888888889,0.166666666666667,0.847222222222222,0.347222222222222,0.777777777777778,0.5,0.7,0.777777777777778,0.625,0.671428571428571,0.361111111111111,0.828571428571429,0.888888888888889,0.111111111111111,0.138888888888889,0.5,0.416666666666667,0.722222222222222,0.285714285714286,0.791666666666667,0.242857142857143,0.736111111111111,0.652777777777778,0.75,0.944444444444444,0.888888888888889,0.541666666666667,0.291666666666667,0.236111111111111,0.680555555555556,0.513888888888889,0.842857142857143,0.791666666666667,0.25,0.847222222222222,0.902777777777778,0.847222222222222,0.625,0.861111111111111,0.264705882352941,0.777777777777778,0.583333333333333,0.194444444444444,0.263888888888889,0.541666666666667,0.5,0.652777777777778,0.597222222222222,0.375,0.472222222222222,0.694444444444444,0.442857142857143,0.972222222222222,0.319444444444444,0.611111111111111,0.291666666666667,0.625,0.916666666666667,0.777777777777778,0.625,0.319444444444444,0.555555555555556,0.638888888888889,0.680555555555556,0.771428571428571
"Oos",0.625,0.3,0.833333333333333,0.576923076923077,0.975,0.2625,0.9,0.333333333333333,0.15,0.375,0.9125,0.864864864864865,0.75,0.1875,0.925,0.025,0.5125,0.3,0.95,0.275,0.641025641025641,0.775,0.6875,0.575,0.5375,0.875,0.8875,0.0875,0.3875,0.425,0.192307692307692,1,0.275,0.7375,0.2,0.725,0.575,0.8875,0.9875,0.881578947368421,0.3625,0.1875,0.2875,0.75,0.8375,0.575,0.9125,0.7625,0.825,0.975,0.756410256410256,0.5,0.9625,0.05,0.9625,0.7,0.725,0.269230769230769,0.6875,0.65,0.375,0.575,0.325,0.65,0.825,0.6375,1,0.2625,0.6625,0.475,0.55,0.925,0.8375,0.8125,0.625,0.625,0.625,0.95,0.9625
"Ork",0.714285714285714,0.291666666666667,0.75,0.611111111111111,0.944444444444444,0.339285714285714,0.930555555555556,0.402777777777778,0.0277777777777778,0.426470588235294,0.680555555555556,0.808823529411765,0.736111111111111,0.333333333333333,0.805555555555556,0.138888888888889,0.861111111111111,0.5,0.875,0.416666666666667,0.680555555555556,0.680555555555556,0.5,0.791666666666667,0.319444444444444,0.930555555555556,0.902777777777778,0.166666666666667,0.166666666666667,0.513888888888889,0.291666666666667,0.763888888888889,0.236111111111111,0.708333333333333,0.25,0.777777777777778,0.652777777777778,0.779411764705882,0.986111111111111,0.875,0.527777777777778,0.333333333333333,0.291666666666667,0.75,0.722222222222222,0.888888888888889,0.833333333333333,0.25,0.861111111111111,0.875,0.888888888888889,0.666666666666667,0.736111111111111,0.319444444444444,0.902777777777778,0.513888888888889,0.277777777777778,0.236111111111111,0.513888888888889,0.472222222222222,0.652777777777778,0.513888888888889,0.277777777777778,0.5,0.736111111111111,0.361111111111111,1,0.388888888888889,0.569444444444444,0.338235294117647,0.527777777777778,0.888888888888889,0.75,0.513888888888889,0.305555555555556,0.569444444444444,0.722222222222222,0.847222222222222,0.847222222222222
"Pad",0.735294117647059,0.444444444444444,0.722222222222222,0.5,0.930555555555556,0.342857142857143,0.888888888888889,0.347222222222222,0.0972222222222222,0.352941176470588,0.805555555555556,0.777777777777778,0.666666666666667,0.361111111111111,0.916666666666667,0.166666666666667,0.847222222222222,0.541666666666667,0.847222222222222,0.486111111111111,0.694444444444444,0.763888888888889,0.486111111111111,0.875,0.305555555555556,0.888888888888889,0.819444444444444,0.0694444444444444,0.125,0.569444444444444,0.305555555555556,0.847222222222222,0.305555555555556,0.819444444444444,0.208333333333333,0.930555555555556,0.722222222222222,0.708333333333333,0.971428571428571,0.897058823529412,0.569444444444444,0.263888888888889,0.236111111111111,0.638888888888889,0.569444444444444,0.902777777777778,0.763888888888889,0.25,0.763888888888889,0.902777777777778,0.819444444444444,0.555555555555556,0.722222222222222,0.277777777777778,0.763888888888889,0.513888888888889,0.194444444444444,0.296875,0.614285714285714,0.416666666666667,0.625,0.569444444444444,0.180555555555556,0.5,0.652777777777778,0.486111111111111,0.944444444444444,0.402777777777778,0.628571428571429,0.277777777777778,0.541666666666667,0.736111111111111,0.75,0.694444444444444,0.291666666666667,0.680555555555556,0.680555555555556,0.791666666666667,0.805555555555556
"Pem",0.597222222222222,0.458333333333333,0.777777777777778,0.555555555555556,0.833333333333333,0.279411764705882,0.875,0.444444444444444,0.138888888888889,0.25,0.666666666666667,0.9,0.728571428571429,0.305555555555556,0.791666666666667,0.180555555555556,0.805555555555556,0.414285714285714,0.861111111111111,0.541666666666667,0.736111111111111,0.728571428571429,0.569444444444444,0.736111111111111,0.388888888888889,0.875,0.875,0.138888888888889,0.242857142857143,0.513888888888889,0.291666666666667,0.777777777777778,0.347222222222222,0.805555555555556,0.222222222222222,0.833333333333333,0.652777777777778,0.611111111111111,0.805555555555556,0.861111111111111,0.513888888888889,0.305555555555556,0.222222222222222,0.638888888888889,0.666666666666667,0.777777777777778,0.75,0.208333333333333,0.861111111111111,0.888888888888889,0.833333333333333,0.736111111111111,0.791666666666667,0.285714285714286,0.902777777777778,0.527777777777778,0.152777777777778,0.191176470588235,0.638888888888889,0.416666666666667,0.597222222222222,0.611111111111111,0.347222222222222,0.458333333333333,0.833333333333333,0.375,0.958333333333333,0.458333333333333,0.555555555555556,0.404761904761905,0.611111111111111,0.875,0.75,0.652777777777778,0.347222222222222,0.791666666666667,0.555555555555556,0.805555555555556,0.819444444444444
"Sar",0.772727272727273,0.454545454545455,0.386363636363636,0.909090909090909,0.931818181818182,0.340909090909091,0.977272727272727,0.386363636363636,0.840909090909091,0.295454545454545,0.704545454545455,0.675,0.863636363636364,0.863636363636364,0.840909090909091,0.931818181818182,0.795454545454545,0.5,0.954545454545455,0.547619047619048,0.659090909090909,0.8,0.272727272727273,0.75,0.431818181818182,0.840909090909091,0.886363636363636,0.0909090909090909,0.113636363636364,0.318181818181818,0.295454545454545,0.886363636363636,0.977272727272727,0.785714285714286,0.931818181818182,0.863636363636364,0.863636363636364,0.447368421052632,0.477272727272727,0.825,0.547619047619048,0.272727272727273,0.333333333333333,0.772727272727273,0.704545454545455,0.886363636363636,0.818181818181818,1,0.785714285714286,0.954545454545455,0.863636363636364,0.545454545454545,0.818181818181818,0.136363636363636,0.386363636363636,0.452380952380952,0.931818181818182,0.368421052631579,0.568181818181818,0.666666666666667,0.613636363636364,0.409090909090909,0.159090909090909,0.704545454545455,0.727272727272727,0.454545454545455,0.0681818181818182,0.386363636363636,0.954545454545455,0.458333333333333,0.409090909090909,0.909090909090909,0.704545454545455,0.659090909090909,0.295454545454545,0.772727272727273,0.704545454545455,0.136363636363636,0.272727272727273
"Sbs",0.573529411764706,0.333333333333333,0.833333333333333,0.569444444444444,0.888888888888889,0.291666666666667,0.875,0.347222222222222,0.111111111111111,0.277777777777778,0.742857142857143,0.819444444444444,0.694444444444444,0.2,0.916666666666667,0.194444444444444,0.861111111111111,0.486111111111111,0.902777777777778,0.486111111111111,0.828571428571429,0.75,0.666666666666667,0.805555555555556,0.291666666666667,0.875,0.805555555555556,0.166666666666667,0.166666666666667,0.5,0.361111111111111,0.75,0.361111111111111,0.888888888888889,0.375,0.805555555555556,0.75,0.763888888888889,0.944444444444444,0.888888888888889,0.583333333333333,0.402777777777778,0.222222222222222,0.666666666666667,0.722222222222222,0.861111111111111,0.736111111111111,0.319444444444444,0.75,0.847222222222222,0.791666666666667,0.597222222222222,0.805555555555556,0.305555555555556,0.902777777777778,0.569444444444444,0.208333333333333,0.214285714285714,0.430555555555556,0.416666666666667,0.527777777777778,0.583333333333333,0.361111111111111,0.569444444444444,0.722222222222222,0.416666666666667,0.944444444444444,0.347222222222222,0.652777777777778,0.291666666666667,0.597222222222222,0.861111111111111,0.736111111111111,0.597222222222222,0.375,0.638888888888889,0.666666666666667,0.888888888888889,0.888888888888889
"She",0.735294117647059,0.375,0.722222222222222,0.486111111111111,0.875,0.191176470588235,0.902777777777778,0.402777777777778,0.111111111111111,0.3,0.722222222222222,0.75,0.694444444444444,0.263888888888889,0.847222222222222,0.180555555555556,0.902777777777778,0.486111111111111,0.888888888888889,0.411764705882353,0.736111111111111,0.777777777777778,0.571428571428571,0.671428571428571,0.375,0.902777777777778,0.763888888888889,0.152777777777778,0.138888888888889,0.458333333333333,0.314285714285714,0.888888888888889,0.444444444444444,0.902777777777778,0.285714285714286,0.861111111111111,0.625,0.791666666666667,1,0.819444444444444,0.597222222222222,0.347222222222222,0.166666666666667,0.652777777777778,0.638888888888889,0.861111111111111,0.771428571428571,0.291666666666667,0.777777777777778,0.888888888888889,0.902777777777778,0.680555555555556,0.833333333333333,0.222222222222222,0.847222222222222,0.513888888888889,0.138888888888889,0.212121212121212,0.5,0.514285714285714,0.736111111111111,0.5,0.25,0.555555555555556,0.625,0.430555555555556,0.986111111111111,0.388888888888889,0.705882352941177,0.25,0.527777777777778,0.791666666666667,0.7,0.657142857142857,0.375,0.722222222222222,0.680555555555556,0.791666666666667,0.791666666666667
"Sin",0.628571428571429,0.333333333333333,0.958333333333333,0.571428571428571,0.902777777777778,0.257575757575758,0.888888888888889,0.444444444444444,0.114285714285714,0.272727272727273,0.771428571428571,0.814285714285714,0.722222222222222,0.0972222222222222,0.819444444444444,0.208333333333333,0.833333333333333,0.416666666666667,0.888888888888889,0.458333333333333,0.7,0.885714285714286,0.555555555555556,0.714285714285714,0.513888888888889,0.833333333333333,0.902777777777778,0.128571428571429,0.222222222222222,0.5,0.375,0.833333333333333,0.357142857142857,0.902777777777778,0.185714285714286,0.763888888888889,0.833333333333333,0.6875,0.819444444444444,0.930555555555556,0.542857142857143,0.442857142857143,0.25,0.708333333333333,0.757142857142857,0.861111111111111,0.928571428571429,0.763888888888889,0.763888888888889,0.928571428571429,0.972222222222222,0.6,0.857142857142857,0.220588235294118,0.944444444444444,0.597222222222222,0.805555555555556,0.291666666666667,0.625,0.5,0.471428571428571,0.583333333333333,0.402777777777778,0.611111111111111,0.757142857142857,0.5,0.986111111111111,0.357142857142857,0.628571428571429,0.282608695652174,0.6,0.791666666666667,0.75,0.757142857142857,0.236111111111111,0.541666666666667,0.569444444444444,0.986111111111111,0.972222222222222
"Sky",0.635135135135135,0.554054054054054,0.602941176470588,0.851351351351351,0.932432432432432,0.321428571428571,0.851351351351351,0.636363636363636,0.814285714285714,0.205882352941176,0.930555555555556,1,0.648648648648649,0.445945945945946,0.716216216216216,0.871428571428571,0.891891891891892,0.540540540540541,0.797297297297297,0.542857142857143,0.82258064516129,0.571428571428571,0.689189189189189,0.945945945945946,0.416666666666667,0.945945945945946,0.597222222222222,0.324324324324324,0.256756756756757,0.432432432432432,0.405405405405405,0.635135135135135,0.838235294117647,0.905405405405405,0.918918918918919,0.77027027027027,0.675675675675676,0.666666666666667,0.944444444444444,0.728571428571429,0.797297297297297,0.194444444444444,0.108108108108108,0.837837837837838,0.472972972972973,0.942857142857143,1,1,1,0.972972972972973,0.685714285714286,0.878378378378378,0.851351351351351,0.176470588235294,0.611111111111111,0.648648648648649,1,0.432432432432432,0.635135135135135,0.705882352941177,0.716216216216216,0.371428571428571,0.527027027027027,0.77027027027027,0.65625,0.290322580645161,0.162162162162162,0.594594594594595,0.702702702702703,0.333333333333333,0.540540540540541,1,0.851351351351351,0.842857142857143,0.256756756756757,0.959459459459459,0.484848484848485,0.569444444444444,0.905405405405405
"Sul",0.597222222222222,0.347222222222222,0.763888888888889,0.597222222222222,0.888888888888889,0.205882352941176,0.888888888888889,0.402777777777778,0.117647058823529,0.305555555555556,0.680555555555556,0.867647058823529,0.638888888888889,0.263888888888889,0.888888888888889,0.185714285714286,0.888888888888889,0.444444444444444,0.791666666666667,0.486111111111111,0.728571428571429,0.728571428571429,0.6,0.75,0.385714285714286,0.861111111111111,0.791666666666667,0.0833333333333333,0.138888888888889,0.5,0.263888888888889,0.777777777777778,0.25,0.819444444444444,0.208333333333333,0.861111111111111,0.680555555555556,0.722222222222222,0.928571428571429,0.902777777777778,0.472222222222222,0.277777777777778,0.375,0.638888888888889,0.680555555555556,0.861111111111111,0.9,0.3,0.791666666666667,0.875,0.8,0.638888888888889,0.763888888888889,0.305555555555556,0.875,0.541666666666667,0.2,0.21875,0.402777777777778,0.402777777777778,0.625,0.555555555555556,0.347222222222222,0.486111111111111,0.671428571428571,0.388888888888889,1,0.333333333333333,0.583333333333333,0.236111111111111,0.569444444444444,0.885714285714286,0.722222222222222,0.680555555555556,0.388888888888889,0.680555555555556,0.694444444444444,0.833333333333333,0.819444444444444
"The",0.597222222222222,0.470588235294118,0.666666666666667,0.861111111111111,0.888888888888889,0.265625,0.819444444444444,0.621212121212121,0.735294117647059,0.194444444444444,0.930555555555556,0.928571428571429,0.611111111111111,0.375,0.742857142857143,0.852941176470588,0.916666666666667,0.529411764705882,0.871428571428571,0.528571428571429,0.819444444444444,0.696969696969697,0.676470588235294,0.944444444444444,0.385714285714286,1,0.515151515151515,0.314285714285714,0.342857142857143,0.338235294117647,0.328571428571429,0.652777777777778,0.861111111111111,0.930555555555556,0.916666666666667,0.708333333333333,0.736111111111111,0.814285714285714,0.75,0.625,0.632352941176471,0.111111111111111,0.181818181818182,0.875,0.485714285714286,0.847222222222222,1,1,0.986111111111111,0.930555555555556,0.722222222222222,0.842857142857143,0.805555555555556,0.2,0.638888888888889,0.585714285714286,1,0.1875,0.541666666666667,0.736111111111111,0.694444444444444,0.328571428571429,0.471428571428571,0.722222222222222,0.602941176470588,0.194444444444444,0.180555555555556,0.7,0.691176470588235,0.235294117647059,0.471428571428571,0.986111111111111,0.842857142857143,0.842857142857143,0.242857142857143,0.847222222222222,0.363636363636364,0.625,0.916666666666667
"Tor",0.555555555555556,0.555555555555556,0.689189189189189,0.864864864864865,0.972972972972973,0.351351351351351,0.888888888888889,0.597222222222222,0.824324324324324,0.388888888888889,0.837837837837838,0.967741935483871,0.783783783783784,0.351351351351351,0.513513513513513,0.847222222222222,0.878378378378378,0.459459459459459,0.851351351351351,0.541666666666667,0.787878787878788,0.671428571428571,0.583333333333333,0.918918918918919,0.378378378378378,0.945945945945946,0.594594594594595,0.297297297297297,0.236111111111111,0.351351351351351,0.405405405405405,0.621621621621622,0.888888888888889,0.905405405405405,0.986486486486487,0.72972972972973,0.783783783783784,0.797297297297297,0.932432432432432,0.652777777777778,0.716216216216216,0.189189189189189,0.22972972972973,0.824324324324324,0.472972972972973,0.945945945945946,1,1,0.959459459459459,0.932432432432432,0.743243243243243,0.837837837837838,0.864864864864865,0.25,0.716216216216216,0.72972972972973,1,0.435483870967742,0.581081081081081,0.743243243243243,0.583333333333333,0.337837837837838,0.445945945945946,0.689189189189189,0.652777777777778,0.216216216216216,0.162162162162162,0.5,0.777777777777778,0.25,0.459459459459459,0.986486486486487,0.756756756756757,0.847222222222222,0.27027027027027,0.932432432432432,0.486486486486487,0.702702702702703,0.959459459459459
"Tro",0.588235294117647,0.323529411764706,0.911764705882353,0.470588235294118,0.882352941176471,0.294117647058824,0.941176470588235,0.382352941176471,0.1,0.264705882352941,0.735294117647059,0.794117647058823,0.617647058823529,0.264705882352941,0.823529411764706,0.147058823529412,0.823529411764706,0.470588235294118,0.882352941176471,0.470588235294118,0.764705882352941,0.764705882352941,0.529411764705882,0.676470588235294,0.470588235294118,0.941176470588235,0.735294117647059,0.0588235294117647,0.176470588235294,0.529411764705882,0.323529411764706,0.911764705882353,0.264705882352941,0.882352941176471,0.294117647058824,0.764705882352941,0.794117647058823,0.794117647058823,0.970588235294118,0.852941176470588,0.441176470588235,0.294117647058824,0.117647058823529,0.647058823529412,0.735294117647059,0.852941176470588,0.911764705882353,0.558823529411765,0.823529411764706,0.941176470588235,0.852941176470588,0.676470588235294,0.735294117647059,0.205882352941176,0.911764705882353,0.588235294117647,0.794117647058823,0.115384615384615,0.323529411764706,0.46875,0.588235294117647,0.676470588235294,0.323529411764706,0.441176470588235,0.676470588235294,0.294117647058824,1,0.235294117647059,0.735294117647059,0.323529411764706,0.647058823529412,0.794117647058823,0.735294117647059,0.735294117647059,0.264705882352941,0.676470588235294,0.558823529411765,0.941176470588235,0.882352941176471
"Ven",0.652777777777778,0.319444444444444,0.763888888888889,0.569444444444444,0.833333333333333,0.25,0.888888888888889,0.416666666666667,0.161764705882353,0.414285714285714,0.625,0.808823529411765,0.652777777777778,0.222222222222222,0.902777777777778,0.171428571428571,0.875,0.402777777777778,0.847222222222222,0.388888888888889,0.691176470588235,0.771428571428571,0.625,0.722222222222222,0.444444444444444,0.833333333333333,0.888888888888889,0.152777777777778,0.208333333333333,0.513888888888889,0.375,0.833333333333333,0.305555555555556,0.805555555555556,0.263888888888889,0.708333333333333,0.694444444444444,0.666666666666667,0.971428571428571,0.8,0.638888888888889,0.305555555555556,0.222222222222222,0.75,0.680555555555556,0.847222222222222,0.805555555555556,0.194444444444444,0.75,0.888888888888889,0.847222222222222,0.708333333333333,0.833333333333333,0.228571428571429,0.833333333333333,0.541666666666667,0.125,0.1875,0.527777777777778,0.371428571428571,0.611111111111111,0.513888888888889,0.402777777777778,0.458333333333333,0.657142857142857,0.458333333333333,0.986111111111111,0.347222222222222,0.642857142857143,0.346153846153846,0.625,0.819444444444444,0.75,0.708333333333333,0.430555555555556,0.557142857142857,0.625,0.805555555555556,0.763888888888889
"Vig",0.569444444444444,0.371428571428571,0.5,0.485714285714286,0.861111111111111,0.303030303030303,0.819444444444444,0.4,0.291666666666667,0.375,0.791666666666667,0.882352941176471,0.736111111111111,0.555555555555556,0.875,0.220588235294118,0.861111111111111,0.513888888888889,0.763888888888889,0.458333333333333,0.757142857142857,0.728571428571429,0.527777777777778,0.708333333333333,0.333333333333333,0.875,0.847222222222222,0.111111111111111,0.152777777777778,0.458333333333333,0.277777777777778,0.680555555555556,0.555555555555556,0.819444444444444,0.444444444444444,0.847222222222222,0.708333333333333,0.694444444444444,0.958333333333333,0.916666666666667,0.555555555555556,0.263888888888889,0.361111111111111,0.652777777777778,0.652777777777778,0.833333333333333,0.611111111111111,0.305555555555556,0.777777777777778,0.958333333333333,0.814285714285714,0.652777777777778,0.833333333333333,0.194444444444444,0.652777777777778,0.457142857142857,0.0138888888888889,0.271428571428571,0.583333333333333,0.541666666666667,0.541666666666667,0.513888888888889,0.277777777777778,0.388888888888889,0.7,0.347222222222222,0.771428571428571,0.442857142857143,0.847222222222222,0.367647058823529,0.458333333333333,0.861111111111111,0.75,0.652777777777778,0.458333333333333,0.694444444444444,0.652777777777778,0.388888888888889,0.597222222222222
